E_min,E_star,E_ref,E_ref_static,ref_consistency,E_free_exact,E_hartree_exact,mu_H2,bound_2d_flanagan,ratio_exact_over_free_exact,ratio_exact_over_hartree_exact,ratio_exact_over_bound2d,n_max,L,m,lam,tau0,dt,order,n_steps,chi_op_allowed,chi_op,chi_acc,chi_mpo,weight_decay,window_pad,trunc_op_weighted,trunc_acc,trunc_real,norm_ratio,h_ref_drift,dmrg_sweeps,dmrg_delta_E,dmrg_chi,dmrg_trunc,dmrg_real,mpo_variance,time_operator_s,time_dmrg_s,route,E_vac,gs_chi,svd_dense_limit,time_gs_s,time_s,tag,axis,section,threads,dev_vs_gaussian,rel_dev_vs_gaussian,shift_vs_base,rel_shift_vs_base
-0.022942234970825703,0.9096846933825652,0.9326269283533909,0.9324108607458829,0.00021606760750803033,-0.02265365013409959,-0.02265365013409959,0.25,-0.06268773150530625,1.0127389994556206,1.0127389994556206,0.36597647450177295,6,16,0.5,0.0,0.75,0.375,4,8,16,16,32,64,0.25,2,0.00018776486294342593,6.533323226547717e-07,1.1190612243008835e-08,0.9129523097474587,0.006287493439234404,9,1.3578027591165664e-13,12,2.6389988099185596e-07,True,1.3986598049742227e-06,67.71825981140137,326.94341492652893,mpo,11.283713962118508,16,600.0,8.274266958236694,405.13010907173157,lam0_base,base,S5g,2,-0.00028858483672611346,-0.012738999455620566,0.0,0.0
-0.006565878279922499,1.0162797684930054,1.0228456467729279,1.0217569753173,0.0010886714556279653,-0.02265365013409959,-0.0075215105970971585,0.9087036615929707,-0.06268773150530625,0.2898375423410975,0.8729467565274088,0.10473944617642968,6,16,0.5,4.0,0.75,0.375,4,8,16,16,32,64,0.25,2,0.00012469946310242588,4.388125890809459e-06,2.7234825942236922e-08,0.846477723084281,0.0035295031909219343,9,7.363887277733738e-12,12,6.464590912525012e-08,True,1.0914304664488839e-06,64.97058296203613,338.6712236404419,mpo,12.330630748310826,16,600.0,6.1934850215911865,412.13405108451843,lam4_base,base,S5g,2,,,0.0,0.0
-0.022853273375306626,0.9098503769686003,0.9327036503439069,0.9324108431993723,0.00029280714453461254,-0.02265365013409959,-0.02265365013409959,0.25,-0.06268773150530625,1.0088119680504182,1.0088119680504182,0.3645573515987286,7,16,0.5,0.0,0.75,0.375,4,8,16,16,32,64,0.25,2,0.00013161761810613707,9.049852634508853e-07,2.3375245442123367e-08,0.9061219920819269,0.0034558933266208847,9,5.9159777077155695e-08,12,1.0014837343586159e-07,True,1.8649349982080565e-06,67.52817487716675,376.34851598739624,mpo,11.283713777578527,16,600.0,5.388312101364136,452.4990270137787,lam0_fock_nmax7,fock,S5g,2,-0.00019962324120703645,-0.00881196805041815,8.896159551907701e-05,0.0038776342249220385
-0.022851307633788842,0.9095957280922929,0.9324470357260818,0.9324108422115732,3.619351450856456e-05,-0.02265365013409959,-0.02265365013409959,0.25,-0.06268773150530625,1.0087251943293556,1.0087251943293556,0.36452599392362084,8,16,0.5,0.0,0.75,0.375,4,8,16,16,32,64,0.25,2,8.69442150636103e-05,1.1630374980374264e-06,2.7275197716650113e-08,0.9005750862006328,0.007015972255473679,9,2.098321516541546e-14,12,9.367753835425033e-08,True,1.3171063376615777e-06,95.69529008865356,325.07457208633423,mpo,11.283713766245164,16,600.0,5.983800172805786,428.4000241756439,lam0_fock_nmax8,fock,S5g,2,-0.00019765749968925217,-0.008725194329355632,9.092733703686129e-05,0.003963316440289634
-0.02294036872715821,0.909584548789403,0.9325249175165612,0.9324108420678934,0.00011407544866781638,-0.02265365013409959,-0.02265365013409959,0.25,-0.06268773150530625,1.0126566178678216,1.0126566178678216,0.3659467040247964,9,16,0.5,0.0,0.75,0.375,4,8,16,16,32,64,0.25,2,6.401332507121566e-05,1.3251535436934527e-06,2.56612170104922e-08,0.8966528045776659,0.007471212854572196,8,8.881784197001252e-16,12,2.2481137584429563e-07,True,1.2799663343665557e-06,146.61401510238647,359.6497039794922,mpo,11.283713764915214,16,600.0,7.559922933578491,515.7834379673004,lam0_fock_nmax9,fock,S5g,2,-0.00028671859305862135,-0.01265661786782148,1.8662436674921068e-06,8.134532968846755e-05
-0.022994036184881383,0.910302998122452,0.9332970343073334,0.9324108420917667,0.000886192215566628,-0.02265365013409959,-0.02265365013409959,0.25,-0.06268773150530625,1.0150256602696193,1.0150256602696193,0.3668028118537841,10,16,0.5,0.0,0.75,0.375,4,8,16,16,32,64,0.25,2,5.281563730550396e-05,1.5336355407109946e-06,2.613147824673672e-08,0.8937312612034942,0.009584368265197929,7,2.031153023551724e-12,12,3.4719742848620827e-07,True,1.3698176086762714e-06,365.41724586486816,518.0920569896698,mpo,11.283713764876866,16,600.0,18.08845806121826,904.3820562362671,lam0_fock_nmax10,fock,S5g,4,-0.0003403860507817935,-0.015025660269619184,-5.1801214055680056e-05,-0.0022578974594913105
-0.02300201202310248,0.9110589463722738,0.9340609583953763,0.9324108420723934,0.001650116322982842,-0.02265365013409959,-0.02265365013409959,0.25,-0.06268773150530625,1.015377737668797,1.015377737668797,0.36693004310030675,11,16,0.5,0.0,0.75,0.375,4,8,16,16,32,64,0.25,2,4.661495420324868e-05,1.6488863974854628e-06,4.642645960983908e-08,0.8910913889678311,0.007419676052878077,9,6.794564910705958e-14,12,9.615032465253378e-07,True,1.3583469360423095e-06,660.0511720180511,1263.5854489803314,mpo,11.283713764874676,16,600.0,20.210713148117065,1949.711941242218,lam0_fock_nmax11,fock,S5g,4,-0.00034836188900289056,-0.01537773766879696,-5.97770522767771e-05,-0.002605546162036614
-0.02294424007724638,0.9107505382414289,0.9336947783186753,0.9324108420801828,0.0012839362384925446,-0.02265365013409959,-0.02265365013409959,0.25,-0.06268773150530625,1.0128275108614562,1.0128275108614562,0.36600846012914423,12,16,0.5,0.0,0.75,0.375,4,8,16,16,32,64,0.25,2,3.862341843564353e-05,1.6198533294693072e-06,9.817580939583798e-08,0.8910148942346209,0.008591289585001771,9,1.59539048638635e-13,12,4.661106180064898e-07,True,1.1929818569678119e-06,938.8857851028442,1529.4775660037994,mpo,11.283713764874546,16,600.0,24.78423571586609,2498.974758863449,lam0_fock_nmax12,fock,S5g,4,-0.00029058994314679065,-0.012827510861456176,-2.005106420677194e-06,-8.739804222330433e-05
-0.022800211601990195,0.909446868810383,0.9322470804123731,0.9324108607458829,0.0001637803335097221,-0.02265365013409959,-0.02265365013409959,0.25,-0.06268773150530625,1.0064696623733052,1.0064696623733052,0.3637109056986733,6,16,0.5,0.0,0.75,0.375,4,8,16,16,32,64,0.5,2,0.003606410656520384,8.618128637475539e-07,3.6489539261641276e-09,0.9293186741608708,0.022878744753509817,9,2.7755575615628914e-15,12,1.3415400604702393e-07,True,1.966701454247932e-06,64.57464814186096,363.485023021698,mpo,11.283713962118508,16,600.0,7.855108022689819,438.4338638782501,lam0_chiop16_wd0.5,mpo,S5g,2,-0.00014656146789060465,-0.00646966237330521,0.0001420233688355088,0.006190476604224114
-0.023379968969336584,0.9268200665807592,0.9502000355500958,0.9324108607458829,0.017789174804212937,-0.02265365013409959,-0.02265365013409959,0.25,-0.06268773150530625,1.0320618898472214,1.0320618898472214,0.37295924430376887,6,16,0.5,0.0,0.75,0.375,4,8,16,16,32,64,1.0,2,0.08562560126156406,7.068146231912122e-07,8.139640609162358e-12,0.9583940492318688,0.37446616273086253,9,3.3306690738754696e-16,12,2.0453132601466165e-07,True,3.3399880908779878e-06,68.75066590309143,344.5108370780945,mpo,11.283713962118508,16,600.0,8.722833156585693,423.8416531085968,lam0_chiop16_wd1,mpo,S5g,2,-0.0007263188352369943,-0.03206188984722144,-0.0004377339985108808,-0.01907983241682955
-0.023004978797760756,0.9095613281623777,0.9325663069601384,0.9324108607458829,0.00015544621425556127,-0.02265365013409959,-0.02265365013409959,0.25,-0.06268773150530625,1.0155086999923393,1.0155086999923393,0.3669773693408172,6,16,0.5,0.0,0.75,0.375,4,8,32,32,64,128,0.25,2,0.0001750562405771797,1.1591683596617073e-09,8.59444133712759e-10,0.9133836360680118,0.0046622257346409235,9,1.2212453270876722e-13,12,1.972449619556512e-07,True,1.6322808646940246e-06,58.24707102775574,464.564120054245,mpo,11.283713962118508,16,600.0,4.421761751174927,533.8245787620544,lam0_chiop32_wd0.25,mpo,S5g,2,-0.00035132866366116566,-0.015508699992339219,-6.27438269350522e-05,-0.002734861142118013
-0.022917958680430117,0.9094859270380699,0.9324038857185,0.9324108607458829,6.975027382893906e-06,-0.02265365013409959,-0.02265365013409959,0.25,-0.06268773150530625,1.0116673712521354,1.0116673712521354,0.36558921706219677,6,16,0.5,0.0,0.75,0.375,4,8,32,32,64,128,0.5,2,0.003514204012436228,1.2190891047197173e-09,8.855894298649746e-10,0.928214958424166,0.01403312040716731,9,1.7541523789077473e-14,12,4.842121203709205e-07,True,2.801186129608446e-06,65.8358359336853,515.4853591918945,mpo,11.283713962118508,16,600.0,4.671310186386108,592.9305081367493,lam0_chiop32_wd0.5,mpo,S5g,2,-0.00026430854633052725,-0.01166737125213542,2.427629039558621e-05,0.0010581484509445984
-0.02346874344632266,0.908795870906794,0.9322646143531167,0.9324108607458829,0.00014624639276616946,-0.02265365013409959,-0.02265365013409959,0.25,-0.06268773150530625,1.0359806612796647,1.0359806612796647,0.3743753822761337,6,16,0.5,0.0,0.75,0.375,4,8,32,32,64,128,1.0,2,0.06956021814768235,1.2410266759397534e-07,2.11317570092489e-11,0.9661393478233051,0.31095697170466946,9,1.3211653993039363e-14,12,2.8522521246599125e-06,True,5.020044574477467e-06,153.2638840675354,580.5701928138733,mpo,11.283713962118508,16,600.0,4.7801032066345215,745.5915729999542,lam0_chiop32_wd1,mpo,S5g,2,-0.0008150933122230697,-0.03598066127966477,-0.0005265084754969562,-0.02294931056919634
-0.022945783826454846,0.9096468572547631,0.932592641081218,0.9324108607458829,0.00018178033533511329,-0.02265365013409959,-0.02265365013409959,0.25,-0.06268773150530625,1.012895656577459,1.012895656577459,0.3660330861472086,6,16,0.5,0.0,0.75,0.375,4,8,64,49,128,213,0.25,2,0.00018426005176136448,8.157830499141249e-19,1.0724131610372384e-10,0.9130936217798595,0.0027408829804793644,9,3.552713678800501e-14,12,1.1700569291138971e-07,True,1.581366380398741e-06,208.7215759754181,1447.6321082115173,mpo,11.283713962118508,16,600.0,8.79617691040039,1692.9436349868774,lam0_chiop64_wd0.25,mpo,S5g,2,-0.00029213369235525644,-0.012895656577459004,-3.5488556291429774e-06,-0.0001546865697110961
-0.022993855507088545,0.9092339456257048,0.9322278011327934,0.9324108607458829,0.00018305961308950902,-0.02265365013409959,-0.02265365013409959,0.25,-0.06268773150530625,1.015017684610431,1.015017684610431,0.3667999296663369,6,16,0.5,0.0,0.75,0.375,4,8,64,49,128,212,0.5,2,0.003522458156347248,6.851351162246307e-19,1.1376772452455906e-10,0.9291555490614666,0.01675876050367886,9,2.585154312839677e-11,12,3.0182075618263505e-07,True,3.1709584681349767e-06,217.65721821784973,1394.2798299789429,mpo,11.283713962118508,16,600.0,8.866861820220947,1647.9538261890411,lam0_chiop64_wd0.5,mpo,S5g,2,-0.00034020537298895537,-0.01501768461043099,-5.162053626284191e-05,-0.0022500221241951676
-0.023254975338260153,0.9085805302378426,0.9318355055761027,0.9324108607458829,0.000575355169780134,-0.02265365013409959,-0.02265365013409959,0.25,-0.06268773150530625,1.0265442964202671,1.0265442964202671,0.37096533531910814,6,16,0.5,0.0,0.75,0.375,4,8,64,64,128,256,1.0,2,0.051699461015730225,1.669229401478868e-08,4.930255961779919e-11,0.974717473956627,0.19231798521202148,9,2.51909604287448e-13,12,4.539999610935633e-06,True,2.391240887966717e-06,1271.0426280498505,1467.0424311161041,mpo,11.283713962118508,16,600.0,9.19827389717102,2785.3465728759766,lam0_chiop64_wd1,mpo,S5g,2,-0.0006013252041605632,-0.026544296420267108,-0.0003127403674344498,-0.013631643465954532
-0.022827151547467173,0.9098548828826819,0.9326820344301491,0.9324108607458829,0.0002711736842662127,-0.02265365013409959,-0.02265365013409959,0.25,-0.06268773150530625,1.0076588722938922,1.0076588722938922,0.364140653989608,6,16,0.5,0.0,0.75,0.375,4,8,16,16,32,64,0.25,2,0.0001766725328139522,6.877094269559748e-07,7.38970495910972e-12,0.9117468800164423,0.010934664989211806,9,1.8118839761882555e-13,12,5.208018256160122e-07,True,1.8740556555485455e-06,505.10383105278015,221.15874481201172,mpo,11.283713962118508,16,inf,4.0707080364227295,731.5813701152802,lam0_exactsvd_chiop16_wd0.25,svd,S5g,2,-0.00017350141336758274,-0.007658872293892203,0.00011508342335853072,0.005016225468219447
-0.022865136075353676,0.9093147235369837,0.9321798596123374,0.9324108607458829,0.00023100113354546092,-0.02265365013409959,-0.02265365013409959,0.25,-0.06268773150530625,1.0093356231778183,1.0093356231778183,0.36474658639415336,6,16,0.5,0.0,0.75,0.375,4,8,16,16,32,64,0.5,2,0.003357409087135674,8.672485779228922e-07,5.670009812452354e-12,0.9284113118188918,0.020597076410182824,9,1.021405182655144e-14,12,1.420190302351976e-07,True,1.998292422755732e-06,541.728253364563,221.00038719177246,mpo,11.283713962118508,16,inf,3.6787781715393066,767.7991161346436,lam0_exactsvd_chiop16_wd0.5,svd,S5g,2,-0.00021148594125408593,-0.009335623177818263,7.709889547202753e-05,0.0033605660289884433
-0.023163976780262052,0.9091122991137918,0.9322762758940538,0.9324108607458829,0.0001345848518290449,-0.02265365013409959,-0.02265365013409959,0.25,-0.06268773150530625,1.022527347387355,1.022527347387355,0.3695137186181529,6,16,0.5,0.0,0.75,0.375,4,8,32,32,64,128,0.5,2,0.002634117738533487,1.5691271083152478e-07,1.6815338582541207e-11,0.9447111690863323,0.018627088255981472,9,5.176414852314792e-12,12,4.6743923846240206e-07,True,2.6003474540292615e-06,3815.347918987274,856.1073069572449,mpo,11.283713962118508,16,inf,5.192876100540161,4685.650413990021,lam0_exactsvd_chiop32_wd0.5,svd,S5g,2,-0.0005103266461624623,-0.022527347387354985,-0.0002217418094363488,-0.009665222665460662
-0.02347321071464059,0.9087972354068724,0.932270446121513,0.9324108607458829,0.00014041462436986674,-0.02265365013409959,-0.02265365013409959,0.25,-0.06268773150530625,1.0361778598896674,1.0361778598896674,0.37444664451853205,6,16,0.5,0.0,0.75,0.375,4,8,32,32,64,128,1.0,2,0.06943171021446093,1.2405661675440399e-07,1.7355053009159926e-11,0.9661730731262873,0.2935117805424037,9,3.4861002973229915e-14,12,1.5302178004479987e-06,True,5.024174902334977e-06,3812.093543767929,851.2762310504913,mpo,11.283713962118508,16,inf,4.812021970748901,4677.642426729202,lam0_exactsvd_chiop32_wd1,svd,S5g,2,-0.0008195605805410011,-0.036177859889667444,-0.0005309757438148877,-0.023144028665476508
-0.022988278404119877,0.9095785510538127,0.9325668294579326,0.9324108607458829,0.0001559687120497033,-0.02265365013409959,-0.02265365013409959,0.25,-0.06268773150530625,1.0147714945732558,1.0147714945732558,0.36671096324763347,6,16,0.5,0.0,0.75,0.375,4,8,16,16,64,64,0.25,2,0.00018776486294342593,1.113753042071735e-09,1.7608325000985537e-07,0.9129523097474587,0.006287493439234404,9,3.993805286484076e-12,12,3.478396745618107e-07,True,1.817607972687263e-06,78.15034222602844,305.00206899642944,mpo,11.283713962118508,16,600.0,8.375205039978027,393.165874004364,lam0_chiacc64,acc,S5g,2,-0.0003346282700202874,-0.01477149457325579,-4.604343329417393e-05,-0.0020069288520810926
-0.022902611313581844,0.9100282927329677,0.9329309040465495,0.9324108721664436,0.0005200318801059645,-0.02265365013409959,-0.02265365013409959,0.25,-0.06268773150530625,1.010989892490107,1.010989892490107,0.36534439456695345,6,16,0.5,0.0,0.75,0.1875,4,16,16,16,32,64,0.25,2,0.0001280897026226716,5.314617659231568e-07,3.512176899773369e-09,0.918020779829003,0.002113630799801536,9,1.4988010832439613e-14,12,1.1643850044146281e-07,True,1.4210983887430473e-06,75.60164880752563,315.5152781009674,mpo,11.283713962118508,16,600.0,4.3945300579071045,397.7490029335022,lam0_dt0.1875,trotter,S5g,2,-0.0002489611794822544,-0.010989892490107083,3.962365724385908e-05,0.0017271053711308494
-0.022921699381228122,0.9103227778755858,0.9332444772568139,0.9324108746867892,0.0008336025700247385,-0.02265365013409959,-0.02265365013409959,0.25,-0.06268773150530625,1.0118324969946035,1.0118324969946035,0.36564888903800735,6,16,0.5,0.0,0.75,0.125,4,24,16,16,32,64,0.25,2,0.00010456180616572747,4.4141037078845527e-07,2.6525529564603373e-09,0.9213299881097211,0.0036373815860053504,9,9.414691248821327e-14,12,1.2068316861874965e-07,True,1.9074636307125914e-06,110.67039108276367,218.51465511322021,mpo,11.283713962118508,16,600.0,4.100075960159302,334.51343393325806,lam0_dt0.125,trotter,S5g,2,-0.0002680492471285323,-0.011832496994603488,2.0535589597581172e-05,0.000895099785338921
-0.02291433231636597,0.9099545302394586,0.9328688625558246,0.9324108607458829,0.00045800180994171047,-0.02265365013409959,-0.02265365013409959,0.25,-0.06268773150530625,1.0115072926757172,1.0115072926757172,0.3655313689956442,6,16,0.5,0.0,0.75,0.375,2,8,16,16,32,64,0.25,2,0.00020074197000282673,7.432638034595817e-07,9.285713245232252e-09,0.9141776741197344,0.004605584951713704,9,3.8036240823657863e-13,12,1.0368371187843266e-07,True,1.9294604384212377e-06,20.794989109039307,294.9084680080414,mpo,11.283713962118508,16,600.0,7.14936089515686,324.4675908088684,lam0_order2,trotter,S5g,2,-0.00026068218226638074,-0.011507292675717049,2.7902654459732723e-05,0.001216213437584215
-0.006761625858057618,1.0150616472431864,1.021823273101244,1.0217569753173,6.629778394406927e-05,-0.02265365013409959,-0.0075215105970971585,0.9087036615929707,-0.06268773150530625,0.2984784270098542,0.8989717917391742,0.10786202811446886,6,16,0.5,4.0,0.75,0.375,4,8,32,32,64,128,0.5,2,0.005452268439284096,4.507526908401632e-09,1.17924052608699e-08,0.8855708572920341,0.04136499850716446,9,2.8421709430404007e-13,12,2.3772738815129266e-07,True,1.2281712218342733e-06,78.77453017234802,571.4199097156525,mpo,12.330630748310826,16,600.0,3.0827009677886963,659.0100169181824,lam4_chiop32_wd0.5,mpo,S5g,2,,,-0.00019574757813511923,-0.029812855156588398
-0.007081782147848381,1.0151907331332828,1.0222725152811312,1.0217569753173,0.0005155399638312463,-0.02265365013409959,-0.0075215105970971585,0.9087036615929707,-0.06268773150530625,0.312611085009584,0.9415372160190154,0.1129691883530502,6,16,0.5,4.0,0.75,0.375,4,8,64,49,128,250,0.5,2,0.005189111324043519,5.353738366767193e-19,9.715010699547987e-11,0.8847033453759283,0.03844413882615849,9,2.9976021664879227e-14,12,1.9104679513320647e-07,True,8.845586036976272e-07,201.04705476760864,1589.3130991458893,mpo,12.330630748310826,16,600.0,6.332802057266235,1826.5769798755646,lam4_chiop64_wd0.5,mpo,S5g,2,,,-0.000515903867925882,-0.07857347424539396
-0.007837987340100439,1.0152741229740854,1.0231121103141858,1.0217569753173,0.0013551349968858872,-0.02265365013409959,-0.0075215105970971585,0.9087036615929707,-0.06268773150530625,0.34599224821179014,1.0420762211151335,0.12503223759878734,6,16,0.5,4.0,0.75,0.375,4,8,32,32,64,128,1.0,2,0.1598229874792445,1.6246974383610854e-06,7.451409100312e-12,0.924270605187166,0.4206720568035268,9,1.794120407794253e-13,12,1.4926102893897062e-06,True,1.2997369571721151e-06,177.7400209903717,562.5173759460449,mpo,12.330630748310826,16,600.0,3.224342107772827,750.9440641403198,lam4_chiop32_wd1,mpo,S5g,2,,,-0.0012721090601779395,-0.1937454527702507
-0.007560513833722915,1.0100246234383317,1.0175851372720546,1.0217569753173,0.004171838045245346,-0.02265365013409959,-0.0075215105970971585,0.9087036615929707,-0.06268773150530625,0.33374373617355335,1.0051855589541825,0.12060595673465947,6,16,0.5,4.0,0.75,0.375,4,8,64,64,128,256,1.0,2,0.14124186688553797,4.6142596185675205e-07,1.8912526069707032e-10,0.932923677641689,0.07408929586049207,9,8.659739592076221e-15,12,1.3412649327141106e-06,True,3.021491006283128e-06,1212.030669927597,1583.5312037467957,mpo,12.330630748310826,16,600.0,6.263367176055908,2844.987540960312,lam4_chiop64_wd1,mpo,S5g,2,,,-0.000994635553800416,-0.15148553040373391
-0.007211161765527718,1.014089368672836,1.0213005304383638,1.0217569753173,0.0004564448789361464,-0.02265365013409959,-0.0075215105970971585,0.9087036615929707,-0.06268773150530625,0.3183222890280741,0.9587384970661058,0.11503306296731002,6,16,0.5,4.0,0.75,0.375,4,8,32,32,64,128,0.5,2,0.004391620367051997,2.261226809909915e-06,7.504385091945957e-12,0.8974424572475203,0.010105950272168207,9,4.82502926502093e-13,12,6.182612799401944e-07,True,6.210570973053109e-07,3718.4801530838013,875.3049561977386,mpo,12.330630748310826,16,inf,3.694208860397339,4606.624364852905,lam4_exactsvd_chiop32_wd0.5,svd,S5g,2,,,-0.0006452834856052192,-0.09827831983702809
-0.0066354686799752205,1.0141263278861237,1.020761796566099,1.0217569878322095,0.0009951912661105844,-0.02265365013409959,-0.0075215105970971585,0.9087036615929707,-0.06268773150530625,0.292909471131415,0.8821989405341135,0.10584955812946518,6,16,0.5,4.0,0.75,0.1875,4,16,16,16,32,64,0.25,2,9.338274432821114e-05,3.979597049138377e-06,2.4377573601137772e-08,0.8581410831453247,0.004171634409222302,9,6.439293542825908e-15,12,4.401375317493483e-07,True,4.3250433745534167e-07,117.16076588630676,352.9430561065674,mpo,12.330630748310826,16,600.0,3.283782958984375,475.4329800605774,lam4_dt0.1875,trotter,S5g,2,,,-6.959040005272144e-05,-0.010598795330324469
-0.024506173152055832,0.9123061004281676,0.9368122735802235,0.9324108422115732,0.004401431368650233,-0.02265365013409959,-0.02265365013409959,0.25,-0.06268773150530625,1.081775917213788,1.081775917213788,0.39092454876886856,8,16,0.5,0.0,0.75,0.375,4,8,32,32,64,128,1.0,2,0.07867524234255158,4.208550440450629e-07,4.8261041070316475e-11,0.9617843623887752,0.30036547437966843,9,2.0894397323445446e-13,16,6.027095388042143e-07,True,2.6976339505546676e-06,831.8863732814789,2499.922597885132,mpo,11.283713766245164,16,600.0,12.5418381690979,3366.660765171051,lam0_best_nmax8_chiop32_wd1,combined,S5g,4,-0.0018525230179562424,-0.08177591721378787,-0.001563938181230129,-0.06816851903133664
-0.022689288580304057,0.909510454563034,0.9321997431433381,0.9324108422115732,0.00021109906823513214,-0.02265365013409959,-0.02265365013409959,0.25,-0.06268773150530625,1.0015731878083003,1.0015731878083003,0.3619414522661983,8,16,0.5,0.0,0.75,0.375,4,8,64,64,128,225,0.5,2,0.0014914970218036102,2.316459981168064e-15,1.2451855624864627e-10,0.914403512089756,0.004587500378755216,9,3.304023721284466e-12,16,5.7065286132616614e-08,True,1.3343460942838448e-06,595.6830410957336,3935.9380321502686,mpo,11.283713766245164,16,600.0,12.382404088973999,4594.036753177643,lam0_best_nmax8_chiop64_wd0.5,combined,S5g,4,-3.563844620446677e-05,-0.0015731878083003368,0.0002529463905216467,0.011025359597410793
