E_free_exact,E_hartree_exact,E_min,E_min_analytic,E_min_trapezoid,E_ref,E_ref_static,E_star,E_star_even,E_star_odd,E_vac,L,axis,bound_2d_flanagan,chi_acc,chi_mpo,chi_op,chi_op_allowed,dim,dim_sectors,dmrg_chi,dmrg_delta_E,dmrg_real,dmrg_sweeps,dmrg_trunc,dt,gs_chi,h_ref_drift,h_vac,kernel,lam,m,mpo_variance,mu_H2,n_max,n_steps,norm_ratio,omega,order,ratio_exact_over_bound2d,ratio_exact_over_free_exact,ratio_exact_over_hartree_exact,ref_consistency,route,section,sector_star,svd_dense_limit,tag,tau0,threads,time_dmrg_s,time_gs_s,time_operator_s,time_s,trunc_acc,trunc_op_weighted,trunc_real,weight_decay,window_pad
-0.01989537780959383,-0.01989537780959383,-0.0018822117566573704,-0.0018822117566573704,-0.0018822120124778463,0.9412041811469198,,0.9393219693902625,0.9393219693902625,0.9393874947190044,4.303377753455142,6,,,,,,,64,"[32, 32]",,,,,,,,,0.7080234599929169,analytic,0.0,0.5,,0.25,1,,,1.2782188733130382,,,0.09460547945713008,0.09460547945713008,,ed,S5i,0,,ed_L6_nmax1_lam0,0.75,2,,,,0.0407869815826416,,,,,
-0.01989537780959383,-0.01989537780959383,-0.015268200815441668,-0.015268200815441668,-0.015268207217554619,0.9308474022691684,,0.9155792014537267,0.9155792014537267,0.9157078667684874,4.272306846281913,6,,,,,,,729,"[365, 364]",,,,,,,,,0.7002325443103372,analytic,0.0,0.5,,0.25,2,,,1.2782188733130382,,,0.7674245224978401,0.7674245224978401,,ed,S5i,0,,ed_L6_nmax2_lam0,0.75,2,,,,0.40196871757507324,,,,,
-0.01989537780959383,-0.01989537780959383,-0.018331778946851673,-0.018331778946851673,-0.01833185597268283,0.929703428303685,,0.9113716493568333,0.9115381575895669,0.9113716493568333,4.269694506345104,6,,,,,,,4096,"[2048, 2048]",,,,,,,,,0.6993719867167698,analytic,0.0,0.5,,0.25,3,,,1.2782188733130382,,,0.9214089384124102,0.9214089384124102,,ed,S5i,1,,ed_L6_nmax3_lam0,0.75,2,,,,31.565122842788696,,,,,
-0.01989537780959383,-0.01989537780959383,-0.020239465843851168,-0.020239465843851168,-0.02023965891998525,0.929597225960718,,0.9093577601168669,0.9093577601168669,0.9095682821327474,4.269509246527805,6,,,,,,,15625,"[7813, 7812]",,,,,,,,,0.699292095709236,analytic,0.0,0.5,,0.25,4,,,1.2782188733130382,,,1.0172948730881308,1.0172948730881308,,ed,S5i,0,,ed_L6_nmax4_lam0,0.75,2,,,,1176.9878630638123,,,,,
-0.021312432451604524,-0.021312432451604524,-0.016872037015867702,-0.016872037015867702,-0.016872046162989318,0.932236079556609,,0.9153640425407413,0.9153640425407413,0.9154973522648266,4.9745343487735765,7,,,,,,,2187,"[1094, 1093]",,,,,,,,,0.7012771806576483,analytic,0.0,0.5,,0.25,2,,,1.2723842984339961,,,0.7916523397402007,0.7916523397402007,,ed,S5i,0,,ed_L7_nmax2_lam0,0.75,2,,,,6.263841867446899,,,,,
-0.021312432451604524,-0.021312432451604524,-0.019887707973223145,-0.019887707973223145,-0.01988779587547307,0.9311770186961276,,0.9112893107229044,0.9112893107229044,0.9114565868297213,4.971200975997113,7,,,,,,,16384,"[8192, 8192]",,,,,,,,,0.7004804991832126,analytic,0.0,0.5,,0.25,3,,,1.2723842984339961,,,0.9331505457381934,0.9331505457381934,,ed,S5i,0,,ed_L7_nmax3_lam0,0.75,6,,,,1188.1601088047028,,,,,
-0.021766979926427732,-0.021766979926427732,-0.01723969864101993,-0.01723969864101993,-0.017239708223565575,0.9326157335540263,,0.9153760349130063,0.9153760349130063,0.9153973985772074,5.676667728977372,8,,,,,,,6561,"[3281, 3280]",,,,,,,,,0.7015627764319085,analytic,0.0,0.5,,0.25,2,,,1.2705719800120974,,,0.7920115100620303,0.7920115100620303,,ed,S5i,0,,ed_L8_nmax2_lam0,0.75,2,,,,505.33254504203796,,,,,
-0.01989537780959383,-0.006996472225372141,-0.000534866845223414,-0.000534866845223414,-0.0005348670351563722,1.0548919933532117,,1.0543571265079883,1.0543571265079883,1.0544600351640054,4.8057208899419726,6,,,,,,,64,"[32, 32]",,,,,,,,,0.7935454325570813,analytic,4.0,0.5,,0.9082070167465974,1,,,1.2782188733130382,,,0.02688397528020271,0.07644807668695698,,ed,S5i,0,,ed_L6_nmax1_lam4,0.75,2,,,,0.03514885902404785,,,,,
-0.01989537780959383,-0.006996472225372141,-0.0033085207983432063,-0.0033085207983432063,-0.0033085287632490523,1.0264408782903405,,1.0231323574919973,1.0231323574919973,1.023476445914678,4.664246341439974,6,,,,,,,729,"[365, 364]",,,,,,,,,0.7721430022120273,analytic,4.0,0.5,,0.9082070167465974,2,,,1.2782188733130382,,,0.16629595225619648,0.47288414671970297,,ed,S5i,0,,ed_L6_nmax2_lam4,0.75,2,,,,0.4218630790710449,,,,,
-0.01989537780959383,-0.006996472225372141,-0.003449656794064948,-0.003449656794064948,-0.0034496771785814673,1.0219757798328422,,1.0185261230387772,1.0187019334583989,1.0185261230387772,4.6466885159688855,6,,,,,,,4096,"[2048, 2048]",,,,,,,,,0.7687841194930463,analytic,4.0,0.5,,0.9082070167465974,3,,,1.2782188733130382,,,0.17338986105614318,0.4930565980888263,,ed,S5i,1,,ed_L6_nmax3_lam4,0.75,2,,,,31.13163185119629,,,,,
-0.01989537780959383,-0.006996472225372141,-0.005971674594383414,-0.005971674594383414,-0.0059720244591874305,1.0214727718730838,,1.0155010972787004,1.0155010972787004,1.0157749209193443,4.645378372782472,6,,,,,,,15625,"[7813, 7812]",,,,,,,,,0.7684057303579299,analytic,4.0,0.5,,0.9082070167465974,4,,,1.2782188733130382,,,0.30015386747286543,0.8535265205123831,,ed,S5i,0,,ed_L6_nmax4_lam4,0.75,2,,,,1310.5833473205566,,,,,
-0.021312432451604524,-0.007387719356051425,-0.00391489209606366,-0.00391489209606366,-0.003914902516785279,1.0270216085425794,,1.0231067164465157,1.0231067164465157,1.023456391128148,5.437526029307286,7,,,,,,,2187,"[1094, 1093]",,,,,,,,,0.7725798581575796,analytic,4.0,0.5,,0.9085919748754208,2,,,1.2723842984339961,,,0.1836905339150494,0.5299188974817912,,ed,S5i,0,,ed_L7_nmax2_lam4,0.75,2,,,,6.129893064498901,,,,,
-0.021312432451604524,-0.007387719356051425,-0.003860182652280386,-0.003860182652280386,-0.003860204134071843,1.0223149665491165,,1.018454783896836,1.018454783896836,1.0186319608410737,5.415810507567451,7,,,,,,,16384,"[8192, 8192]",,,,,,,,,0.7690392736426459,analytic,4.0,0.5,,0.9085919748754208,3,,,1.2723842984339961,,,0.18112351375404684,0.5225134397015819,,ed,S5i,0,,ed_L7_nmax3_lam4,0.75,6,,,,1479.876130104065,,,,,
-0.021766979926427732,-0.007445216866477589,-0.0039407267888758035,-0.0039407267888758035,-0.0039407371042223804,1.027124835408399,,1.0231841086195232,1.0231841086195232,1.023228254179727,6.210466549693472,8,,,,,,,6561,"[3281, 3280]",,,,,,,,,0.7726575108541631,analytic,4.0,0.5,,0.9086404539426898,2,,,1.2705719800120974,,,0.1810415042507246,0.5292964408624679,,ed,S5i,0,,ed_L8_nmax2_lam4,0.75,2,,,,318.152428150177,,,,,
-0.01989537780959383,-0.014180006963225522,-0.013585726285705202,-0.013585726285705202,-0.013585734999378651,0.9586522836538193,,0.9450665573681141,0.9450665573681141,0.9453640113289157,4.38205220702452,6,,,,,,,15625,"[7813, 7812]",,,,,,,,,0.7211488435756718,analytic,1.0,0.5,,0.4436369496910464,4,,,1.2782188733130382,,,0.6828584214748601,0.9580902407832711,,ed,S5i,0,,ed_L6_nmax4_lam1,0.75,2,,,,1170.4335470199585,,,,,
-0.01989537780959383,-0.019119799275143845,-0.017530518709804932,-0.017530518709804932,-0.01753059036268556,0.93299274170298,,0.915462222993175,0.915630149427639,0.915462222993175,4.281988687831543,6,,,,,,,4096,"[2048, 2048]",,,,,,,,,0.7018463818593115,analytic,0.1,0.5,,0.2712027309174214,3,,,1.2782188733130382,,,0.8811352504877525,0.9168777588891839,,ed,S5i,1,,ed_L6_nmax3_lam0.1,0.75,2,,,,30.89088010787964,,,,,
-0.01989537780959383,-0.019119799275143845,-0.01932837713246982,-0.01932837713246982,-0.01932852107430494,0.9329102556621005,,0.9135818785296307,0.9135818785296307,0.9138057400077183,4.281798805975137,6,,,,,,,15625,"[7813, 7812]",,,,,,,,,0.7017843315059085,analytic,0.1,0.5,,0.2712027309174214,4,,,1.2782188733130382,,,0.9715008841475434,1.010908998275789,,ed,S5i,0,,ed_L6_nmax4_lam0.1,0.75,2,,,,1164.3537118434906,,,,,
-0.01989537780959383,-0.01807257424117914,-0.016397432674459145,-0.016397432674459145,-0.016397496574065418,0.9377414508813781,,0.9213440182069189,0.9215135115738357,0.9213440182069189,4.29995766181471,6,,,,,,,4096,"[2048, 2048]",,,,,,,,,0.705418611530978,analytic,0.25,0.5,,0.30204326581530516,3,,,1.2782188733130382,,,0.8241830253935702,0.907310295458457,,ed,S5i,1,,ed_L6_nmax3_lam0.25,0.75,2,,,,31.44517993927002,,,,,
-0.01989537780959383,-0.01807257424117914,-0.018096066712053882,-0.018096066712053882,-0.018096160552482643,0.9376643862360539,,0.919568319524,0.919568319524,0.9198114949772881,4.299718780306578,6,,,,,,,15625,"[7813, 7812]",,,,,,,,,0.7053606394374423,analytic,0.25,0.5,,0.30204326581530516,4,,,1.2782188733130382,,,0.9095613506433493,1.0012998962162907,,ed,S5i,0,,ed_L6_nmax4_lam0.25,0.75,2,,,,1173.810930967331,,,,,
-0.01989537780959383,-0.01656752375608528,-0.014677590240518845,-0.014677590240518845,-0.014677642341475616,0.9452260462602217,,0.9305484560197028,0.9307194551305757,0.9305484560197028,4.3287711294816384,6,,,,,,,4096,"[2048, 2048]",,,,,,,,,0.7110489191973955,analytic,0.5,0.5,,0.3512968437081656,3,,,1.2782188733130382,,,0.7377387039838523,0.88592540784061,,ed,S5i,1,,ed_L6_nmax3_lam0.5,0.75,2,,,,32.84842920303345,,,,,
-0.01989537780959383,-0.01656752375608528,-0.0163321108188893,-0.0163321108188893,-0.016332157330905872,0.945110317353913,,0.9287782065350237,0.9287782065350237,0.9290488485601308,4.328384175806321,6,,,,,,,15625,"[7813, 7812]",,,,,,,,,0.7109618618061226,analytic,0.5,0.5,,0.3512968437081656,4,,,1.2782188733130382,,,0.8208997574810432,0.9857906986788227,,ed,S5i,0,,ed_L6_nmax4_lam0.5,0.75,2,,,,1178.702224969864,,,,,
-0.01989537780959383,-0.01989537780959383,-0.015291841175102405,,,0.9308494261223582,0.9308473718685131,0.9155575849472558,,,4.272306846281909,6,archived,-0.06268773150530625,32,57,16,16,,,12,1.3322676295501878e-14,True,5,2.0860759317934775e-09,0.375,16,0.0034505584783594,,,0.0,0.5,1.0094257429926756e-08,0.25,2,8,0.9916669911094143,,4,0.2439367450042121,0.7686127562618321,0.7686127562618321,2.0542538451406855e-06,mpo,S5i,,600.0,mpo_L6_nmax2_lam0_archived,0.75,2,3.2120368480682373,1.3655409812927246,3.4091451168060303,8.109406232833862,5.415062697049421e-11,0.0012475120651376035,7.895003008135677e-12,0.25,2
-0.01989537780959383,-0.01989537780959383,-0.015269367418368485,,,0.9308488488288341,0.9308473718685131,0.9155794814104656,,,4.272306846281909,6,generous,-0.06268773150530625,128,255,64,64,,,27,1.4432899320127035e-15,True,5,0.0,0.375,16,0.0035197375189245372,,,0.0,0.5,-3.9968028886505635e-15,0.25,2,8,0.9999691611412139,,4,0.24357824173420595,0.7674831593801341,0.7674831593801341,1.476960321045162e-06,mpo,S5i,,inf,mpo_L6_nmax2_lam0_generous,0.75,2,5.045765161514282,1.37315034866333,85.1172080039978,95.98919820785522,1.472206372200129e-16,6.167959562057733e-05,9.444125217407921e-21,1.0,
-0.01989537780959383,-0.01989537780959383,-0.018315156706108726,,,0.9297629933509705,0.9297033979406,0.9114478366448617,,,4.26969450634516,6,archived,-0.06268773150530625,32,64,16,16,,,12,3.774758283725532e-15,True,5,7.833311333826939e-08,0.375,16,0.002591495153948409,,,0.0,0.5,1.8964161152545955e-07,0.25,3,8,0.9651772535585886,,4,0.29216493030312357,0.9205734558746054,0.9205734558746054,5.9595410370483215e-05,mpo,S5i,,600.0,mpo_L6_nmax3_lam0_archived,0.75,2,14.534857988357544,1.7473409175872803,23.459645986557007,40.08054995536804,1.4589915613406182e-08,0.001303918539967908,1.0244451311078275e-12,0.25,2
-0.01989537780959383,-0.01989537780959383,-0.01833529553249258,,,0.9297115819381924,0.9297033979406,0.9113762864056998,,,4.26969450634516,6,generous,-0.06268773150530625,128,256,64,64,,,32,1.7763568394002505e-15,True,5,7.406597338076551e-11,0.375,16,0.02236360914255464,,,0.0,0.5,5.5408233556875075e-11,0.25,3,8,0.9974458090221656,,4,0.2924861865665146,0.9215856923134701,0.9215856923134701,8.183997592392522e-06,mpo,S5i,,inf,mpo_L6_nmax3_lam0_generous,0.75,2,113.24702405929565,1.460961103439331,458.0936920642853,606.5740821361542,2.2742985621469317e-12,0.0051185027673060005,8.41829393146866e-21,1.0,
-0.01989537780959383,-0.01989537780959383,-0.020366693590897267,,,0.9296958040722265,0.9295971956022661,0.9093291104813293,,,4.269509246528737,6,archived,-0.06268773150530625,32,64,16,16,,,12,1.8754886532690307e-11,True,6,4.100190239773486e-07,0.375,16,0.006474288998490674,,,0.0,0.5,8.120169715519765e-07,0.25,4,8,0.9453842336313877,,4,0.324891220368587,1.0236897125460047,1.0236897125460047,9.860846996045947e-05,mpo,S5i,,600.0,mpo_L6_nmax4_lam0_archived,0.75,2,30.145750999450684,1.4845502376556396,66.93235993385315,99.08010792732239,1.1174484904411867e-07,0.0005717711608365601,2.4239086848428932e-30,0.25,2
-0.01989537780959383,-0.01989537780959383,-0.0200524934138423,,,0.9295517111640806,0.9295888747437877,0.9094992177502383,,,4.269497295206046,6,generous,-0.06268773150530625,128,256,64,64,,,32,7.216449660063518e-15,True,11,9.875858864318615e-09,0.375,16,0.061875227668401145,,,0.0,0.5,4.1832578512313034e-09,0.25,5,8,0.9827344159365269,,4,0.3198790725446005,1.007897090759076,1.007897090759076,3.716357970706685e-05,mpo,S5i,,inf,mpo_L6_nmax5_lam0_generous,0.75,4,1882.5681540966034,0.6942930221557617,4619.633458852768,6618.47739315033,2.5574077660370872e-09,0.03492920053688671,8.033273457599894e-30,1.0,
-0.021312432451604524,-0.021312432451604524,-0.019877982342396683,,,0.9312465283449436,0.9311769882860196,0.9113685460025469,,,4.9712009759974,7,archived,-0.06268773150530625,32,64,16,16,,,12,5.218048215738236e-14,True,6,1.3899741199455447e-07,0.375,16,0.0027727905620137383,,,0.0,0.5,1.425987772973869e-06,0.25,3,8,0.9627687837968136,,4,0.3170952571591157,0.9326942097076373,0.9326942097076373,6.954005892401138e-05,mpo,S5i,,600.0,mpo_L7_nmax3_lam0_archived,0.75,2,31.087154865264893,1.7659621238708496,33.555389165878296,66.83438014984131,1.60845275465174e-08,0.001386669641997813,1.7500514309739935e-12,0.25,2
-0.01989537780959383,-0.006996472225372141,-0.0033206073747824583,,,1.0264591388849236,1.026440844767688,1.0231385315101411,,,4.664246341439967,6,archived,-0.06268773150530625,32,60,16,16,,,12,4.196643033083092e-14,True,5,4.549680593710307e-10,0.375,16,0.00438300138577663,,,4.0,0.5,2.4727839775806615e-09,0.9082070167465974,2,8,0.9855130040062244,,4,0.05297060995900582,0.1669034590125358,0.47461167111341396,1.8294117235528873e-05,mpo,S5i,,600.0,mpo_L6_nmax2_lam4_archived,0.75,2,2.763500213623047,1.3371000289916992,3.4015538692474365,7.68700909614563,1.9192736020834036e-10,0.0020966694021064634,4.712682684062488e-12,0.25,2
-0.01989537780959383,-0.006996472225372141,-0.003308960942329353,,,1.0264422745972868,1.026440844767688,1.0231333136549574,,,4.664246341439967,6,generous,-0.06268773150530625,128,256,64,64,,,27,1.1102230246251565e-15,True,5,0.0,0.375,16,0.0011991055680385942,,,4.0,0.5,-3.1086244689504383e-15,0.9082070167465974,2,8,0.9998616665996756,,4,0.05278482508254847,0.16631807518295663,0.4729470561363302,1.4298295987202891e-06,mpo,S5i,,inf,mpo_L6_nmax2_lam4_generous,0.75,2,5.384334087371826,1.336954116821289,91.39519476890564,102.9421329498291,2.123381721554433e-15,0.00027669221920860525,2.5049136670166235e-30,1.0,
-0.01989537780959383,-0.006996472225372141,-0.0033419102934035827,,,1.0219140089365728,1.021975746456015,1.0185720986431692,,,4.646688515968886,6,archived,-0.06268773150530625,32,64,16,16,,,12,1.2434497875801753e-14,True,5,1.7822690759255355e-09,0.375,16,0.019575552086337766,,,4.0,0.5,1.779200009544013e-08,0.9082070167465974,3,8,0.9382759465720568,,4,0.05331043592031567,0.16797420613907954,0.47765647968763675,6.173751944227313e-05,mpo,S5i,,600.0,mpo_L6_nmax3_lam4_archived,0.75,2,14.467468976974487,1.5150601863861084,22.805362939834595,39.10099387168884,4.6656397857631297e-08,0.0021492145726674638,2.4488480076536954e-30,0.25,2
-0.01989537780959383,-0.006996472225372141,-0.0034500471846670155,,,1.02199900478816,1.021975746456015,1.018548957603493,,,4.646688515968886,6,generous,-0.06268773150530625,128,256,64,64,,,32,6.661338147750939e-16,True,5,5.679230071149629e-13,0.375,16,0.04925234308276916,,,4.0,0.5,4.0953906932372774e-12,0.9082070167465974,3,8,0.9909154643408435,,4,0.05503544476441907,0.17340948323199748,0.49311239629533554,2.3258332144893146e-05,mpo,S5i,,inf,mpo_L6_nmax3_lam4_generous,0.75,2,56.25862789154053,1.4400160312652588,453.463711977005,545.2371289730072,3.550791200696118e-11,0.018279839304775444,3.1527230067426282e-30,1.0,
-0.01989537780959383,-0.006996472225372141,-0.005760927252165926,,,1.021517946274947,1.0214727385126878,1.0157570190227811,,,4.645378372782477,6,archived,-0.06268773150530625,32,64,16,16,,,12,1.305400232354259e-12,True,5,3.6806231381203028e-09,0.375,16,0.002858163532265756,,,4.0,0.5,9.775479603568726e-08,0.9082070167465974,4,8,0.9022635877795523,,4,0.09189879923599226,0.28956108837440253,0.8234045768486565,4.5207762259247275e-05,mpo,S5i,,600.0,mpo_L6_nmax4_lam4_archived,0.75,2,31.17408776283264,1.4652760028839111,77.69049119949341,110.9030990600586,3.8661253169751757e-07,0.0010841163736554865,2.4486516007529016e-30,0.25,2
-0.01989537780959383,-0.006996472225372141,-0.006242245970877525,,,1.0211910396908481,1.021449355386491,1.0149487937199706,,,4.64527268479473,6,generous,-0.06268773150530625,128,256,64,64,,,32,9.992007221626409e-14,True,12,3.812590752873182e-09,0.375,16,0.02472212796616946,,,4.0,0.5,9.397056466298181e-10,0.9082070167465974,5,8,0.9522210989355144,,4,0.09957683618443179,0.31375357787211394,0.892199064014079,0.0002583156956428301,mpo,S5i,,inf,mpo_L6_nmax5_lam4_generous,0.75,4,2598.575481891632,2.5789237022399902,3864.7237288951874,6671.827050924301,6.581748200190731e-08,0.09834947577369538,8.118546365758342e-30,1.0,
-0.021312432451604524,-0.007387719356051425,-0.0037553969973820323,,,1.0222214093353679,1.022314933161219,1.0184660123379858,,,5.415810507567448,7,archived,-0.06268773150530625,32,64,16,16,,,12,2.4424906541753444e-15,True,8,4.267825502370787e-09,0.375,16,0.027533253844028938,,,4.0,0.5,4.848234103072002e-08,0.9085919748754208,3,8,0.935212659167057,,4,0.05990641082719916,0.17620686920226716,0.5083296774539646,9.352382585103847e-05,mpo,S5i,,600.0,mpo_L7_nmax3_lam4_archived,0.75,2,42.65615105628967,1.700287103652954,28.011598110198975,73.02153587341309,5.203661406558199e-08,0.0021663408237746736,2.3838921446526936e-13,0.25,2
-0.021766979926427732,-0.021766979926427732,-0.017275386793373815,,,0.9326227425962622,0.9326157030955722,0.9153473558028884,,,5.676667728977364,8,archived,-0.06268773150530625,32,57,16,16,,,12,5.3179682879545e-14,True,5,4.2072948869515676e-08,0.375,16,0.010592325911113365,,,0.0,0.5,5.642133693584128e-08,0.25,2,8,0.9890792994059433,,4,0.2755784326301794,0.7936510646752339,0.7936510646752339,7.039500690031453e-06,mpo,S5i,,600.0,mpo_L8_nmax2_lam0_archived,0.75,2,12.345874071121216,1.5784289836883545,6.4506518840789795,20.717664003372192,6.494457196701312e-11,0.0013673322227391869,1.457766173542234e-11,0.25,2
-0.021766979926427732,-0.007445216866477589,-0.0039583881508475915,,,1.0271352777722342,1.0271248018634092,1.0231768896213866,,,6.21046654969347,8,archived,-0.06268773150530625,32,60,16,16,,,12,1.91402449445377e-13,True,5,2.9021228915858572e-08,0.375,16,0.008326717056064914,,,4.0,0.5,5.018779680732166e-08,0.9086404539426898,2,8,0.9833008543281441,,4,0.06314454289213721,0.18185288745737446,0.5316686164872384,1.0475908825080538e-05,mpo,S5i,,600.0,mpo_L8_nmax2_lam4_archived,0.75,2,14.570191144943237,1.496556043624878,6.382965087890625,22.823280096054077,2.632722829347329e-10,0.0022542458574568197,9.807213317347974e-12,0.25,2
